{"initial_reset_timestamp": 1511850237.7061286, "timestamps": [1511850239.80153, 1511850242.464119, 1511850245.1098034, 1511850247.7669678, 1511850250.4173357], "episode_lengths": [200, 200, 200, 200, 200], "episode_rewards": [-1096.6845799488676, -1795.2150618651829, -1168.1177278799069, -1902.3823247797447, -1548.8273475398294], "episode_types": ["t", "t", "t", "t", "t", "t"]}